<?xml version="1.0" encoding="UTF-8"?>
<xmc:XMCDA xmlns:xmc="http://www.decision-deck.org/2009/XMCDA-2.1.0">
  <methodMessages>
    <message>
      <text>OK</text>
    </message>
    <message>
      <text>[i] The current input path is default/inputs...</text>
    </message>
    <message>
      <text>[i] The current output path is default/outputs...</text>
    </message>
    <message>
      <text>[i] Loading default/inputs/alternatives.xml...</text>
    </message>
    <message>
      <text>OK!</text>
    </message>
    <message>
      <text>[i] Loading default/inputs/criteria.xml...</text>
    </message>
    <message>
      <text>OK!</text>
    </message>
    <message>
      <text>[i] Loading default/inputs/performanceTable.xml...</text>
    </message>
    <message>
      <text>OK!</text>
    </message>
    <message>
      <text>[i] Loading default/inputs/weights.xml...</text>
    </message>
    <message>
      <text>OK!</text>
    </message>
    <message>
      <text>[i] Loading default/inputs/profileConfigs.xml...</text>
    </message>
    <message>
      <text>OK!</text>
    </message>
    <message>
      <text>[i] Exporting default/outputs/preorder.xml...</text>
    </message>
    <message>
      <text>File exists. Overwrite? (y/n):</text>
    </message>
    <message>
      <text>[i] Overwriting default/outputs/preorder.xml...</text>
    </message>
    <message>
      <text>OK!</text>
    </message>
  </methodMessages>
</xmc:XMCDA>