<?xml version="1.0" encoding="UTF-8"?>
<xmc:XMCDA xmlns:xmc="http://www.decision-deck.org/2009/XMCDA-2.1.0">
  <criteriaValues>
    <criterionValue>
      <criterionID>c1</criterionID>
      <value>
        <real>0.24750847</real>
      </value>
    </criterionValue>
    <criterionValue>
      <criterionID>c2</criterionID>
      <value>
        <real>0.320673</real>
      </value>
    </criterionValue>
    <criterionValue>
      <criterionID>c3</criterionID>
      <value>
        <real>0.24378839</real>
      </value>
    </criterionValue>
    <criterionValue>
      <criterionID>c4</criterionID>
      <value>
        <real>0.1880302</real>
      </value>
    </criterionValue>
  </criteriaValues>
</xmc:XMCDA>