<?xml version="1.0" encoding="UTF-8"?>
<xmc:XMCDA xmlns:xmc="http://www.decision-deck.org/2009/XMCDA-2.1.0">
  <methodMessages>
    <message>
      <text>OK</text>
    </message>
    <message>
      <text>[i] The current input path is default/inputs...</text>
    </message>
    <message>
      <text>[i] The current output path is default/outputs...</text>
    </message>
    <message>
      <text>[i] Loading default/inputs/alternatives.xml...</text>
    </message>
    <message>
      <text>OK!</text>
    </message>
    <message>
      <text>[i] Loading default/inputs/criteria.xml...</text>
    </message>
    <message>
      <text>OK!</text>
    </message>
    <message>
      <text>[i] Loading default/inputs/performances.xml...</text>
    </message>
    <message>
      <text>OK!</text>
    </message>
    <message>
      <text>[i] Loading default/inputs/alternativesComparisons.xml...</text>
    </message>
    <message>
      <text>OK!</text>
    </message>
    <message>
      <text>[i] Try with 1 reference point(s). 1 possible lexicographic order(s) exist(s).</text>
    </message>
    <message>
      <text>[i] 1/1 Try with the order [1] ...</text>
    </message>
    <message>
      <text>[CPLEX Ver.12.5.0.0]</text>
    </message>
    <message>
      <text>[CPLEX] Solution status = Optimal</text>
    </message>
    <message>
      <text>[CPLEX] Objective func. = IloMaximize  : (1.0*s_min)</text>
    </message>
    <message>
      <text>[CPLEX] Objective value = 0.2</text>
    </message>
    <message>
      <text>[CPLEX] There are 1 feasible solutions in the solution pool.</text>
    </message>
    <message>
      <text>[i] Exporting default/outputs/profileConfigs.xml...</text>
    </message>
    <message>
      <text>OK!</text>
    </message>
    <message>
      <text>[i] Exporting default/outputs/weights.xml...</text>
    </message>
    <message>
      <text>OK!</text>
    </message>
  </methodMessages>
</xmc:XMCDA>