<?xml version="1.0" encoding="UTF-8"?>
<xmc:XMCDA xmlns:xmc="http://www.decision-deck.org/2009/XMCDA-2.1.0">
  <performanceTable>
    <alternativePerformances mcdaConcept="Ref. profile" id="1">
      <alternativeID>p1</alternativeID>
      <performance>
        <criterionID>c1</criterionID>
        <value>
          <real>79.0</real>
        </value>
      </performance>
      <performance>
        <criterionID>c2</criterionID>
        <value>
          <real>61.0</real>
        </value>
      </performance>
      <performance>
        <criterionID>c3</criterionID>
        <value>
          <real>60.0</real>
        </value>
      </performance>
      <performance>
        <criterionID>c4</criterionID>
        <value>
          <real>20.0</real>
        </value>
      </performance>
    </alternativePerformances>
  </performanceTable>
</xmc:XMCDA>