<xmcda:XMCDA xmlns:xmcda="http://www.decision-deck.org/2009/XMCDA-2.1.0"
	xmlns:xsi="http://www.w3.org/2001/XMLSchema-instance">
	<projectReference>
		<comment>Use the performance table file to store the configuration of profiles</comment>
	</projectReference>
	<performanceTable>

		<alternativePerformances mcdaConcept="Ref. profile" id="2">
			<alternativeID>p1</alternativeID>
			<performance>
				<criterionID>g1</criterionID>
				<value>
					<real>70</real>
				</value>
			</performance>
			<performance>
				<criterionID>g2</criterionID>
				<value>
					<real>3</real>
				</value>
			</performance>
			<performance>
				<criterionID>g3</criterionID>
				<value>
					<real>1</real>
				</value>
			</performance>
			<performance>
				<criterionID>g4</criterionID>
				<value>
					<real>0</real>
				</value>
			</performance>
		</alternativePerformances>
		<alternativePerformances mcdaConcept="Ref. profile" id="1">
			<alternativeID>p2</alternativeID>
			<performance>
				<criterionID>g1</criterionID>
				<value>
					<real>60</real>
				</value>
			</performance>
			<performance>
				<criterionID>g2</criterionID>
				<value>
					<real>4</real>
				</value>
			</performance>
			<performance>
				<criterionID>g3</criterionID>
				<value>
					<real>2</real>
				</value>
			</performance>
			<performance>
				<criterionID>g4</criterionID>
				<value>
					<real>1</real>
				</value>
			</performance>
		</alternativePerformances>
	</performanceTable>
</xmcda:XMCDA>