<program_description>
	<program provider="LJY" name="SRMPaggregation" displayName="S-RMP Aggregation" version="1.2" />

	<documentation>
		<description>Execute the S-RMP model based aggregation process for a series of alternatives with a given set of model parameters and create the ranking list of alternatives.
		</description>
		<contact>Jinyan Liu (jinyan.liu@ecp.fr)</contact>
		<url>http://www.lgi.ecp.fr/pmwiki.php/PagesPerso/JinyanLiu</url>
		<reference>Antoine Rolland. Reference-based preferences aggregation procedures in multi-criteria decision making. European Journal of Operational Research, pages 479–486, 2013.
		</reference>
		<reference>Jun Zheng. Preference elicitation for aggregation models based on reference points: algorithms and procedures. These PhD. May, 2012.</reference>
	</documentation>
	
	<parameters>
	
		<input id="ina" name="alternatives" displayName="alternatives" isoptional="0" >
			<xmcda tag="alternatives">
				<![CDATA[<alternatives> <alternative id="[...]" name="[...]"/> </alternatives>]]>
			</xmcda>
			<documentation>
				<description>A complete list of alternatives to be considered in the ranking problem.</description>
			</documentation>
		</input>
		
		<input id="inc" name="criteria" displayName="criteria"
			isoptional="0">
			<xmcda tag="criteria"><![CDATA[<criteria> <criterion id="[...]" name="[...]"> </criterion> </criteria>]]></xmcda>
			<documentation>
				<description>A list of criteria involved in the ranking problem. For each criterion, the preference direction should be provided. Besides, the maximum and minimum should also be included.</description></documentation>
		</input>
		
		<input id="inperf" name="performanceTable" displayName="performance table" isoptional="0">
			<xmcda tag="performanceTable"><![CDATA[]]></xmcda>
			<documentation>
				<description>Values of criteria for each alternatives defined in the alternatives list.</description></documentation>
		</input>
		
		<input id="inw" name="weights" displayName="criteria weights" isoptional="0">
			<xmcda tag="criteriaValues"><![CDATA[]]></xmcda>
			<documentation>
				<description>The weights of criteria. For each criteria, the value of weight should strictly positive. The sum of all criteria weights should be normalized to 1.</description></documentation>
		</input>
		
		<input id="inrp" name="profileConfigs" displayName="reference points" isoptional="0">
			<xmcda tag="performanceTable"><![CDATA[]]></xmcda>
			<documentation>
				<description>A set of reference points (special alternatives) with their performance values on each criteria.</description></documentation>
		</input>
		
		<input id="inlexi" name="lexicography" displayName="lexicographic order" isoptional="0">
			<xmcda tag="alternativesValues"><![CDATA[]]></xmcda>
			<documentation>
				<description>the lexicographic order of the reference points we use during aggregation.</description></documentation>
		</input>

		<output id="out" name="preorder" displayName="preorder">
			<xmcda tag="alternativesValues">

			</xmcda>
			<documentation>
				<description>A ranking list of alternatives.</description>
			</documentation>

		</output>

		<output id="msg" name="messages" displayName="messages">
			<xmcda tag="methodMessages"></xmcda>
			<documentation>
				<description>Some status messages.</description>
			</documentation>
		</output>

	</parameters>
</program_description>