<?xml version="1.0" encoding="UTF-8"?>
<xmc:XMCDA xmlns:xmc="http://www.decision-deck.org/2009/XMCDA-2.1.0">
  <alternativesComparisons>
    <comparisonType>Preference</comparisonType>
    <pairs>
      <pair>
        <initial>
          <alternativeID>a007</alternativeID>
        </initial>
        <terminal>
          <alternativeID>a069</alternativeID>
        </terminal>
        <value>
          <real>-1.0</real>
        </value>
      </pair>
      <pair>
        <initial>
          <alternativeID>a022</alternativeID>
        </initial>
        <terminal>
          <alternativeID>a011</alternativeID>
        </terminal>
        <value>
          <real>1.0</real>
        </value>
      </pair>
      <pair>
        <initial>
          <alternativeID>a042</alternativeID>
        </initial>
        <terminal>
          <alternativeID>a039</alternativeID>
        </terminal>
        <value>
          <real>-1.0</real>
        </value>
      </pair>
      <pair>
        <initial>
          <alternativeID>a052</alternativeID>
        </initial>
        <terminal>
          <alternativeID>a031</alternativeID>
        </terminal>
        <value>
          <real>1.0</real>
        </value>
      </pair>
      <pair>
        <initial>
          <alternativeID>a056</alternativeID>
        </initial>
        <terminal>
          <alternativeID>a049</alternativeID>
        </terminal>
        <value>
          <real>-1.0</real>
        </value>
      </pair>
      <pair>
        <initial>
          <alternativeID>a060</alternativeID>
        </initial>
        <terminal>
          <alternativeID>a079</alternativeID>
        </terminal>
        <value>
          <real>1.0</real>
        </value>
      </pair>
      <pair>
        <initial>
          <alternativeID>a062</alternativeID>
        </initial>
        <terminal>
          <alternativeID>a086</alternativeID>
        </terminal>
        <value>
          <real>1.0</real>
        </value>
      </pair>
      <pair>
        <initial>
          <alternativeID>a064</alternativeID>
        </initial>
        <terminal>
          <alternativeID>a095</alternativeID>
        </terminal>
        <value>
          <real>1.0</real>
        </value>
      </pair>
      <pair>
        <initial>
          <alternativeID>a065</alternativeID>
        </initial>
        <terminal>
          <alternativeID>a096</alternativeID>
        </terminal>
        <value>
          <real>1.0</real>
        </value>
      </pair>
      <pair>
        <initial>
          <alternativeID>a066</alternativeID>
        </initial>
        <terminal>
          <alternativeID>a049</alternativeID>
        </terminal>
        <value>
          <real>-1.0</real>
        </value>
      </pair>
      <pair>
        <initial>
          <alternativeID>a078</alternativeID>
        </initial>
        <terminal>
          <alternativeID>a023</alternativeID>
        </terminal>
        <value>
          <real>-1.0</real>
        </value>
      </pair>
      <pair>
        <initial>
          <alternativeID>a080</alternativeID>
        </initial>
        <terminal>
          <alternativeID>a029</alternativeID>
        </terminal>
        <value>
          <real>-1.0</real>
        </value>
      </pair>
      <pair>
        <initial>
          <alternativeID>a083</alternativeID>
        </initial>
        <terminal>
          <alternativeID>a022</alternativeID>
        </terminal>
        <value>
          <real>1.0</real>
        </value>
      </pair>
      <pair>
        <initial>
          <alternativeID>a089</alternativeID>
        </initial>
        <terminal>
          <alternativeID>a040</alternativeID>
        </terminal>
        <value>
          <real>-1.0</real>
        </value>
      </pair>
      <pair>
        <initial>
          <alternativeID>a094</alternativeID>
        </initial>
        <terminal>
          <alternativeID>a068</alternativeID>
        </terminal>
        <value>
          <real>-1.0</real>
        </value>
      </pair>
    </pairs>
  </alternativesComparisons>
</xmc:XMCDA>