<xmcda:XMCDA xmlns:xmcda="http://www.decision-deck.org/2009/XMCDA-2.1.0"
	xmlns:xsi="http://www.w3.org/2001/XMLSchema-instance">
	<projectReference>
		<comment>The data is taken from the input file of IRIS demo which appears in the website of decision deck. The alternatives which are not active are used to describe the profiles of categories.</comment>
	</projectReference>
	<alternatives>
		<alternative id="a1" name="Beijing Hotel">
			<active>true</active>
		</alternative>
		<alternative id="a2" name="Paris Hotel">
			<active>true</active>
		</alternative>
		<alternative id="a3" name="Rio Hotel">
			<active>true</active>
		</alternative>
		<alternative id="a4" name="London Hotel">
			<active>true</active>
		</alternative>
		<alternative id="a5" name="New York Hotel">
			<active>true</active>
		</alternative>
		<alternative id="a6" name="Hong Kong Hotel">
			<active>true</active>
		</alternative>
	</alternatives>
</xmcda:XMCDA>
