<program_description>
	<program provider="LJY" name="SRMPdisaggregationNoInconsistency" displayName="S-RMP Disaggregation without inconsistency" version="1.1" />
	<documentation>
		<description>Elicit a S-RMP model from a set of pairwise comparisons without inconsistency. The algorithm will find out a S-RMP model which is able to exactly represent all the input pairwise comparisons (if it exists). The elicitation may be infeasible due to the unknown input inconsistency.</description>
		<contact>Jinyan Liu (e-mail:jinyan.liu@ecp.fr)</contact>
		<url>http://www.lgi.ecp.fr/pmwiki.php/PagesPerso/JinyanLiu</url>
		<reference>Zheng, J., Rolland, A. & Mousseau, V., 2012. Inferring a reference based multicriteria ranking model from pairwise comparisons. European Journal of Operational Research.</reference>
		<reference>Jun Zheng. Preference elicitation for aggregation models based on reference points: algorithms and procedures. These PhD. May, 2012.</reference>
	</documentation>
	<parameters>
	
		<input id="ina" name="alternatives.xml" displayName="Alternatives" isoptional="0" >
			<xmcda tag="alternatives">
			</xmcda>
			<documentation>
				<description>A complete list of alternatives to be considered in the ranking problem. At least, all the alternatives appear in the provided pairwise comparisons should be included.</description>
			</documentation>
		</input>
		
		<input id="inc" name="criteria.xml" displayName="Criteria"
			isoptional="0">
			<xmcda tag="criteria"></xmcda>
			<documentation>
				<description>A list of criteria involved in the ranking problem. For each criterion, the preference direction should be provided. Besides, the maximum and minimum should also be included.</description></documentation>
		</input>
		
		<input id="inperf" name="performances.xml" displayName="Performances Table" isoptional="0">
			<xmcda tag="performanceTable"></xmcda>
			<documentation>
				<description>Values of criteria for each alternatives defined in the alternatives list.</description></documentation>
		</input>
		
		<input id="inw" name="weights.xml" displayName="Criteria weights" isoptional="1">
			<xmcda tag="criteriaValues"><![CDATA[]]></xmcda>
			<documentation>
				<description>This is optional for disaggregation.</description></documentation>
		</input>
		
		<input id="inrp" name="profileConfigs.xml" displayName="Reference Points" isoptional="1">
			<xmcda tag="performanceTable"><![CDATA[]]></xmcda>
			<documentation>
				<description>This is optional for disaggregation.</description></documentation>
		</input>
		
		<input id="inac" name="alternativesComparisons.xml" displayName="Pairwise Comparisons between Alternatives" isoptional="0">
			<xmcda tag="alternativesComparisons"></xmcda>
			<documentation>
				<description>The pairwise comparisons of alternatives provided by the decision maker.</description></documentation>
		</input>
		
		<input id="inr" name="ranking.xml" displayName="Ranking List of Alternatives" isoptional="1">
			<xmcda tag="alternativesComparisons"></xmcda>
			<documentation>
				<description>This is optional for aggregation.</description></documentation>
		</input>
		
		<output id="outrp" name="profileConfigs.xml" displayName="Reference Points">
			<xmcda tag="performanceTable">

			</xmcda>
			<documentation>
				<description>A set of reference points (special alternatives) with their performance values on each criteria. For each reference point, the id number indicates its lexicographic order.</description>
			</documentation>
		
		</output>
		<output id="outw" name="weights.xml" displayName="Criteria weights">
			<xmcda tag="criteriaValues"></xmcda>
			<documentation>
				<description>The weights of criteria. For each criteria, the value of weight is strictly positive and less than 0.49. The sum of weights is normalized to 1.</description></documentation></output>


	</parameters>


</program_description>