<program_description>
	<program provider="LJY" name="SRMPaggregation" displayName="S-RMP Aggregation" version="1.0" />
	
	<documentation>
		<description>Execute the S-RMP model based aggregation process for a series of alternatives with a given set of model parameters and create the ranking list of alternatives.
		</description>
		<contact>Jinyan Liu (jinyan.liu@ecp.fr)</contact>
		<url>http://www.lgi.ecp.fr/pmwiki.php/PagesPerso/JinyanLiu</url>
		<reference>Antoine Rolland. Reference-based preferences aggregation procedures in multi-criteria decision making. European Journal of Operational Research, pages 479–486, 2013.
		</reference>
		<reference>Jun Zheng. Preference elicitation for aggregation models based on reference points: algorithms and procedures. These PhD. May, 2012.</reference>
	</documentation>
	
	<parameters>
	
		<input id="ina" name="alternatives" displayName="Alternatives" isoptional="0" >
			<xmcda tag="alternatives">
				<![CDATA[<alternatives> <alternative id="[...]" name="[...]"/> </alternatives>]]>
			</xmcda>
			<documentation>
				<description>A complete list of alternatives to be considered in the ranking problem.</description>
			</documentation>
		</input>
		
		<input id="inc" name="criteria" displayName="Criteria"
			isoptional="0">
			<xmcda tag="criteria"><![CDATA[<criteria> <criterion id="[...]" name="[...]"> </criterion> </criteria>]]></xmcda>
			<documentation>
				<description>A list of criteria involved in the ranking problem. For each criterion, the preference direction should be provided. Besides, the maximum and minimum should also be included.</description></documentation>
		</input>
		
		<input id="inperf" name="performances" displayName="Performances Table" isoptional="0">
			<xmcda tag="performanceTable"><![CDATA[]]></xmcda>
			<documentation>
				<description>Values of criteria for each alternatives defined in the alternatives list.</description></documentation>
		</input>
		
		<input id="inw" name="weights" displayName="Criteria weights" isoptional="0">
			<xmcda tag="criteriaValues"><![CDATA[]]></xmcda>
			<documentation>
				<description>The weights of criteria. For each criteria, the value of weight should strictly positive. The sum of all criteria weights should be normalized to 1.</description></documentation>
		</input>
		
		<input id="inrp" name="profileConfigs" displayName="Reference Points" isoptional="0">
			<xmcda tag="performanceTable"><![CDATA[]]></xmcda>
			<documentation>
				<description>A set of reference points (special alternatives) with their performance values on each criteria. For each reference point, the id number indicates its lexicographic order.</description></documentation>
		</input>
		
		<input id="inac" name="alternativesComparisons" displayName="Pairwise Comparisons between Alternatives" isoptional="1">
			<xmcda tag="alternativesComparisons"></xmcda>
			<documentation>
				<description>This is optional for aggregation.</description></documentation>
		</input>
		
		<input id="inr" name="ranking" displayName="Ranking List of Alternatives" isoptional="1">
			<xmcda tag="alternativesComparisons"></xmcda>
			<documentation>
				<description>This is optional for aggregation.</description></documentation>
		</input>

		<output id="out" name="ranking_list" displayName="Ranking List">
			<xmcda tag="alternativesComparisons">

			</xmcda>
			<documentation>
				<description>A ranking list of alternatives.</description>
			</documentation>

		</output>

	</parameters>
</program_description>