<?xml version="1.0" encoding="UTF-8"?>
<xmc:XMCDA xmlns:xmc="http://www.decision-deck.org/2009/XMCDA-2.1.0">
  <alternativesValues>
    <alternativeValue>
      <alternativeID>a017</alternativeID>
      <value>
        <integer>1</integer>
      </value>
    </alternativeValue>
    <alternativeValue>
      <alternativeID>a015</alternativeID>
      <value>
        <integer>1</integer>
      </value>
    </alternativeValue>
    <alternativeValue>
      <alternativeID>a069</alternativeID>
      <value>
        <integer>2</integer>
      </value>
    </alternativeValue>
    <alternativeValue>
      <alternativeID>a090</alternativeID>
      <value>
        <integer>2</integer>
      </value>
    </alternativeValue>
    <alternativeValue>
      <alternativeID>a050</alternativeID>
      <value>
        <integer>2</integer>
      </value>
    </alternativeValue>
    <alternativeValue>
      <alternativeID>a051</alternativeID>
      <value>
        <integer>2</integer>
      </value>
    </alternativeValue>
    <alternativeValue>
      <alternativeID>a099</alternativeID>
      <value>
        <integer>2</integer>
      </value>
    </alternativeValue>
    <alternativeValue>
      <alternativeID>a061</alternativeID>
      <value>
        <integer>2</integer>
      </value>
    </alternativeValue>
    <alternativeValue>
      <alternativeID>a071</alternativeID>
      <value>
        <integer>2</integer>
      </value>
    </alternativeValue>
    <alternativeValue>
      <alternativeID>a062</alternativeID>
      <value>
        <integer>2</integer>
      </value>
    </alternativeValue>
    <alternativeValue>
      <alternativeID>a083</alternativeID>
      <value>
        <integer>2</integer>
      </value>
    </alternativeValue>
    <alternativeValue>
      <alternativeID>a065</alternativeID>
      <value>
        <integer>2</integer>
      </value>
    </alternativeValue>
    <alternativeValue>
      <alternativeID>a060</alternativeID>
      <value>
        <integer>3</integer>
      </value>
    </alternativeValue>
    <alternativeValue>
      <alternativeID>a097</alternativeID>
      <value>
        <integer>3</integer>
      </value>
    </alternativeValue>
    <alternativeValue>
      <alternativeID>a052</alternativeID>
      <value>
        <integer>4</integer>
      </value>
    </alternativeValue>
    <alternativeValue>
      <alternativeID>a021</alternativeID>
      <value>
        <integer>4</integer>
      </value>
    </alternativeValue>
    <alternativeValue>
      <alternativeID>a063</alternativeID>
      <value>
        <integer>5</integer>
      </value>
    </alternativeValue>
    <alternativeValue>
      <alternativeID>a068</alternativeID>
      <value>
        <integer>6</integer>
      </value>
    </alternativeValue>
    <alternativeValue>
      <alternativeID>a007</alternativeID>
      <value>
        <integer>6</integer>
      </value>
    </alternativeValue>
    <alternativeValue>
      <alternativeID>a085</alternativeID>
      <value>
        <integer>6</integer>
      </value>
    </alternativeValue>
    <alternativeValue>
      <alternativeID>a045</alternativeID>
      <value>
        <integer>7</integer>
      </value>
    </alternativeValue>
    <alternativeValue>
      <alternativeID>a004</alternativeID>
      <value>
        <integer>8</integer>
      </value>
    </alternativeValue>
    <alternativeValue>
      <alternativeID>a030</alternativeID>
      <value>
        <integer>9</integer>
      </value>
    </alternativeValue>
    <alternativeValue>
      <alternativeID>a006</alternativeID>
      <value>
        <integer>9</integer>
      </value>
    </alternativeValue>
    <alternativeValue>
      <alternativeID>a043</alternativeID>
      <value>
        <integer>10</integer>
      </value>
    </alternativeValue>
    <alternativeValue>
      <alternativeID>a086</alternativeID>
      <value>
        <integer>11</integer>
      </value>
    </alternativeValue>
    <alternativeValue>
      <alternativeID>a074</alternativeID>
      <value>
        <integer>11</integer>
      </value>
    </alternativeValue>
    <alternativeValue>
      <alternativeID>a059</alternativeID>
      <value>
        <integer>11</integer>
      </value>
    </alternativeValue>
    <alternativeValue>
      <alternativeID>a077</alternativeID>
      <value>
        <integer>12</integer>
      </value>
    </alternativeValue>
    <alternativeValue>
      <alternativeID>a055</alternativeID>
      <value>
        <integer>13</integer>
      </value>
    </alternativeValue>
    <alternativeValue>
      <alternativeID>a037</alternativeID>
      <value>
        <integer>14</integer>
      </value>
    </alternativeValue>
    <alternativeValue>
      <alternativeID>a008</alternativeID>
      <value>
        <integer>15</integer>
      </value>
    </alternativeValue>
    <alternativeValue>
      <alternativeID>a019</alternativeID>
      <value>
        <integer>16</integer>
      </value>
    </alternativeValue>
    <alternativeValue>
      <alternativeID>a079</alternativeID>
      <value>
        <integer>17</integer>
      </value>
    </alternativeValue>
    <alternativeValue>
      <alternativeID>a076</alternativeID>
      <value>
        <integer>18</integer>
      </value>
    </alternativeValue>
    <alternativeValue>
      <alternativeID>a002</alternativeID>
      <value>
        <integer>19</integer>
      </value>
    </alternativeValue>
    <alternativeValue>
      <alternativeID>a039</alternativeID>
      <value>
        <integer>20</integer>
      </value>
    </alternativeValue>
    <alternativeValue>
      <alternativeID>a046</alternativeID>
      <value>
        <integer>20</integer>
      </value>
    </alternativeValue>
    <alternativeValue>
      <alternativeID>a040</alternativeID>
      <value>
        <integer>21</integer>
      </value>
    </alternativeValue>
    <alternativeValue>
      <alternativeID>a053</alternativeID>
      <value>
        <integer>22</integer>
      </value>
    </alternativeValue>
    <alternativeValue>
      <alternativeID>a026</alternativeID>
      <value>
        <integer>23</integer>
      </value>
    </alternativeValue>
    <alternativeValue>
      <alternativeID>a049</alternativeID>
      <value>
        <integer>23</integer>
      </value>
    </alternativeValue>
    <alternativeValue>
      <alternativeID>a093</alternativeID>
      <value>
        <integer>24</integer>
      </value>
    </alternativeValue>
    <alternativeValue>
      <alternativeID>a058</alternativeID>
      <value>
        <integer>25</integer>
      </value>
    </alternativeValue>
    <alternativeValue>
      <alternativeID>a081</alternativeID>
      <value>
        <integer>26</integer>
      </value>
    </alternativeValue>
    <alternativeValue>
      <alternativeID>a056</alternativeID>
      <value>
        <integer>27</integer>
      </value>
    </alternativeValue>
    <alternativeValue>
      <alternativeID>a075</alternativeID>
      <value>
        <integer>28</integer>
      </value>
    </alternativeValue>
    <alternativeValue>
      <alternativeID>a022</alternativeID>
      <value>
        <integer>29</integer>
      </value>
    </alternativeValue>
    <alternativeValue>
      <alternativeID>a082</alternativeID>
      <value>
        <integer>29</integer>
      </value>
    </alternativeValue>
    <alternativeValue>
      <alternativeID>a034</alternativeID>
      <value>
        <integer>30</integer>
      </value>
    </alternativeValue>
    <alternativeValue>
      <alternativeID>a067</alternativeID>
      <value>
        <integer>31</integer>
      </value>
    </alternativeValue>
    <alternativeValue>
      <alternativeID>a023</alternativeID>
      <value>
        <integer>32</integer>
      </value>
    </alternativeValue>
    <alternativeValue>
      <alternativeID>a010</alternativeID>
      <value>
        <integer>32</integer>
      </value>
    </alternativeValue>
    <alternativeValue>
      <alternativeID>a038</alternativeID>
      <value>
        <integer>33</integer>
      </value>
    </alternativeValue>
    <alternativeValue>
      <alternativeID>a089</alternativeID>
      <value>
        <integer>34</integer>
      </value>
    </alternativeValue>
    <alternativeValue>
      <alternativeID>a094</alternativeID>
      <value>
        <integer>35</integer>
      </value>
    </alternativeValue>
    <alternativeValue>
      <alternativeID>a024</alternativeID>
      <value>
        <integer>36</integer>
      </value>
    </alternativeValue>
    <alternativeValue>
      <alternativeID>a042</alternativeID>
      <value>
        <integer>37</integer>
      </value>
    </alternativeValue>
    <alternativeValue>
      <alternativeID>a047</alternativeID>
      <value>
        <integer>37</integer>
      </value>
    </alternativeValue>
    <alternativeValue>
      <alternativeID>a088</alternativeID>
      <value>
        <integer>38</integer>
      </value>
    </alternativeValue>
    <alternativeValue>
      <alternativeID>a028</alternativeID>
      <value>
        <integer>38</integer>
      </value>
    </alternativeValue>
    <alternativeValue>
      <alternativeID>a078</alternativeID>
      <value>
        <integer>39</integer>
      </value>
    </alternativeValue>
    <alternativeValue>
      <alternativeID>a084</alternativeID>
      <value>
        <integer>39</integer>
      </value>
    </alternativeValue>
    <alternativeValue>
      <alternativeID>a072</alternativeID>
      <value>
        <integer>40</integer>
      </value>
    </alternativeValue>
    <alternativeValue>
      <alternativeID>a032</alternativeID>
      <value>
        <integer>41</integer>
      </value>
    </alternativeValue>
    <alternativeValue>
      <alternativeID>a087</alternativeID>
      <value>
        <integer>42</integer>
      </value>
    </alternativeValue>
    <alternativeValue>
      <alternativeID>a057</alternativeID>
      <value>
        <integer>43</integer>
      </value>
    </alternativeValue>
    <alternativeValue>
      <alternativeID>a031</alternativeID>
      <value>
        <integer>44</integer>
      </value>
    </alternativeValue>
    <alternativeValue>
      <alternativeID>a064</alternativeID>
      <value>
        <integer>44</integer>
      </value>
    </alternativeValue>
    <alternativeValue>
      <alternativeID>a020</alternativeID>
      <value>
        <integer>45</integer>
      </value>
    </alternativeValue>
    <alternativeValue>
      <alternativeID>a073</alternativeID>
      <value>
        <integer>45</integer>
      </value>
    </alternativeValue>
    <alternativeValue>
      <alternativeID>a100</alternativeID>
      <value>
        <integer>46</integer>
      </value>
    </alternativeValue>
    <alternativeValue>
      <alternativeID>a003</alternativeID>
      <value>
        <integer>47</integer>
      </value>
    </alternativeValue>
    <alternativeValue>
      <alternativeID>a066</alternativeID>
      <value>
        <integer>48</integer>
      </value>
    </alternativeValue>
    <alternativeValue>
      <alternativeID>a098</alternativeID>
      <value>
        <integer>49</integer>
      </value>
    </alternativeValue>
    <alternativeValue>
      <alternativeID>a070</alternativeID>
      <value>
        <integer>50</integer>
      </value>
    </alternativeValue>
    <alternativeValue>
      <alternativeID>a016</alternativeID>
      <value>
        <integer>51</integer>
      </value>
    </alternativeValue>
    <alternativeValue>
      <alternativeID>a025</alternativeID>
      <value>
        <integer>51</integer>
      </value>
    </alternativeValue>
    <alternativeValue>
      <alternativeID>a041</alternativeID>
      <value>
        <integer>52</integer>
      </value>
    </alternativeValue>
    <alternativeValue>
      <alternativeID>a027</alternativeID>
      <value>
        <integer>52</integer>
      </value>
    </alternativeValue>
    <alternativeValue>
      <alternativeID>a035</alternativeID>
      <value>
        <integer>53</integer>
      </value>
    </alternativeValue>
    <alternativeValue>
      <alternativeID>a036</alternativeID>
      <value>
        <integer>54</integer>
      </value>
    </alternativeValue>
    <alternativeValue>
      <alternativeID>a048</alternativeID>
      <value>
        <integer>54</integer>
      </value>
    </alternativeValue>
    <alternativeValue>
      <alternativeID>a014</alternativeID>
      <value>
        <integer>55</integer>
      </value>
    </alternativeValue>
    <alternativeValue>
      <alternativeID>a033</alternativeID>
      <value>
        <integer>55</integer>
      </value>
    </alternativeValue>
    <alternativeValue>
      <alternativeID>a029</alternativeID>
      <value>
        <integer>55</integer>
      </value>
    </alternativeValue>
    <alternativeValue>
      <alternativeID>a054</alternativeID>
      <value>
        <integer>56</integer>
      </value>
    </alternativeValue>
    <alternativeValue>
      <alternativeID>a013</alternativeID>
      <value>
        <integer>57</integer>
      </value>
    </alternativeValue>
    <alternativeValue>
      <alternativeID>a080</alternativeID>
      <value>
        <integer>58</integer>
      </value>
    </alternativeValue>
    <alternativeValue>
      <alternativeID>a096</alternativeID>
      <value>
        <integer>59</integer>
      </value>
    </alternativeValue>
    <alternativeValue>
      <alternativeID>a011</alternativeID>
      <value>
        <integer>60</integer>
      </value>
    </alternativeValue>
    <alternativeValue>
      <alternativeID>a095</alternativeID>
      <value>
        <integer>61</integer>
      </value>
    </alternativeValue>
    <alternativeValue>
      <alternativeID>a044</alternativeID>
      <value>
        <integer>62</integer>
      </value>
    </alternativeValue>
    <alternativeValue>
      <alternativeID>a005</alternativeID>
      <value>
        <integer>63</integer>
      </value>
    </alternativeValue>
    <alternativeValue>
      <alternativeID>a001</alternativeID>
      <value>
        <integer>64</integer>
      </value>
    </alternativeValue>
    <alternativeValue>
      <alternativeID>a009</alternativeID>
      <value>
        <integer>65</integer>
      </value>
    </alternativeValue>
    <alternativeValue>
      <alternativeID>a091</alternativeID>
      <value>
        <integer>66</integer>
      </value>
    </alternativeValue>
    <alternativeValue>
      <alternativeID>a018</alternativeID>
      <value>
        <integer>67</integer>
      </value>
    </alternativeValue>
    <alternativeValue>
      <alternativeID>a092</alternativeID>
      <value>
        <integer>68</integer>
      </value>
    </alternativeValue>
    <alternativeValue>
      <alternativeID>a012</alternativeID>
      <value>
        <integer>69</integer>
      </value>
    </alternativeValue>
  </alternativesValues>
</xmc:XMCDA>