<?xml version="1.0" encoding="UTF-8"?>
<xmc:XMCDA xmlns:xmc="http://www.decision-deck.org/2009/XMCDA-2.1.0">
  <performanceTable>
    <alternativePerformances mcdaConcept="Ref. profile" id="2">
      <alternativeID>p1</alternativeID>
      <performance>
        <criterionID>g1</criterionID>
        <value>
          <real>69.0</real>
        </value>
      </performance>
      <performance>
        <criterionID>g2</criterionID>
        <value>
          <real>3.0</real>
        </value>
      </performance>
      <performance>
        <criterionID>g3</criterionID>
        <value>
          <real>1.0</real>
        </value>
      </performance>
      <performance>
        <criterionID>g4</criterionID>
        <value>
          <real>1.0</real>
        </value>
      </performance>
    </alternativePerformances>
    <alternativePerformances mcdaConcept="Ref. profile" id="1">
      <alternativeID>p2</alternativeID>
      <performance>
        <criterionID>g1</criterionID>
        <value>
          <real>59.0</real>
        </value>
      </performance>
      <performance>
        <criterionID>g2</criterionID>
        <value>
          <real>4.0</real>
        </value>
      </performance>
      <performance>
        <criterionID>g3</criterionID>
        <value>
          <real>2.0</real>
        </value>
      </performance>
      <performance>
        <criterionID>g4</criterionID>
        <value>
          <real>1.0</real>
        </value>
      </performance>
    </alternativePerformances>
  </performanceTable>
</xmc:XMCDA>