<?xml version="1.0" encoding="UTF-8"?>
<xmc:XMCDA xmlns:xmc="http://www.decision-deck.org/2009/XMCDA-2.1.0">
  <criteriaValues>
    <criterionValue>
      <criterionID>g1</criterionID>
      <value>
        <real>0.4895</real>
      </value>
    </criterionValue>
    <criterionValue>
      <criterionID>g2</criterionID>
      <value>
        <real>0.24975</real>
      </value>
    </criterionValue>
    <criterionValue>
      <criterionID>g3</criterionID>
      <value>
        <real>0.25075</real>
      </value>
    </criterionValue>
    <criterionValue>
      <criterionID>g4</criterionID>
      <value>
        <real>0.01</real>
      </value>
    </criterionValue>
  </criteriaValues>
</xmc:XMCDA>